[
 {
  "ID": 0,
  "Implemented": 1,
  "Name": "Fishstick Pickaxe",
  "Desc": "A fragile pickaxe made from sticks. Can mine stone or lower.",
  "Type": "pick",
  "Catalyst": 10,
  "GoldenFishball": 0,
  "FatBlob": 0,
  "fishstick": 5,
  "stone": 0,
  "refinedstone": 0,
  "darkstone": 0,
  "refineddarkstone": 0,
  "darkstuff": 0,
  "coal": 0,
  "haematite": 0,
  "iron": 0,
  "refinediron": 0,
  "silver": 0,
  "refinedsilver": 0,
  "gold": 0,
  "refinedgold": 0,
  "lumium": 0,
  "diamond": 0,
  "refineddiamond": 0,
  "crystal": 0,
  "soulstone": 0,
  "soulgem": 0
 },
 {
  "ID": 1,
  "Implemented": 1,
  "Name": "Stone Pickaxe",
  "Desc": "Can mine haematite or lower",
  "Type": "pick",
  "Catalyst": 20,
  "GoldenFishball": 0,
  "FatBlob": 0,
  "fishstick": 2,
  "stone": 3,
  "refinedstone": 0,
  "darkstone": 0,
  "refineddarkstone": 0,
  "darkstuff": 0,
  "coal": 0,
  "haematite": 0,
  "iron": 0,
  "refinediron": 0,
  "silver": 0,
  "refinedsilver": 0,
  "gold": 0,
  "refinedgold": 0,
  "lumium": 0,
  "diamond": 0,
  "refineddiamond": 0,
  "crystal": 0,
  "soulstone": 0,
  "soulgem": 0
 },
 {
  "ID": 2,
  "Implemented": 1,
  "Name": "Darkstone Pickaxe",
  "Desc": "Slightly more durable than stone pickaxe. Can mine haematite or lower",
  "Type": "pick",
  "Catalyst": 20,
  "GoldenFishball": 0,
  "FatBlob": 0,
  "fishstick": 2,
  "stone": 0,
  "refinedstone": 0,
  "darkstone": 3,
  "refineddarkstone": 0,
  "darkstuff": 1,
  "coal": 0,
  "haematite": 0,
  "iron": 0,
  "refinediron": 0,
  "silver": 0,
  "refinedsilver": 0,
  "gold": 0,
  "refinedgold": 0,
  "lumium": 0,
  "diamond": 0,
  "refineddiamond": 0,
  "crystal": 0,
  "soulstone": 0,
  "soulgem": 0
 },
 {
  "ID": 3,
  "Implemented": 1,
  "Name": "Iron Pickaxe",
  "Desc": "Can mine gold or lower",
  "Type": "pick",
  "Catalyst": 50,
  "GoldenFishball": 0,
  "FatBlob": 0,
  "fishstick": 4,
  "stone": 0,
  "refinedstone": 0,
  "darkstone": 0,
  "refineddarkstone": 0,
  "darkstuff": 0,
  "coal": 0,
  "haematite": 0,
  "iron": 3,
  "refinediron": 0,
  "silver": 0,
  "refinedsilver": 0,
  "gold": 0,
  "refinedgold": 0,
  "lumium": 0,
  "diamond": 0,
  "refineddiamond": 0,
  "crystal": 0,
  "soulstone": 0,
  "soulgem": 0
 },
 {
  "ID": 4,
  "Implemented": 1,
  "Name": "Lumium Pickaxe",
  "Desc": "Can mine diamond or lower",
  "Type": "pick",
  "Catalyst": 100,
  "GoldenFishball": 0,
  "FatBlob": 0,
  "fishstick": 8,
  "stone": 0,
  "refinedstone": 0,
  "darkstone": 0,
  "refineddarkstone": 0,
  "darkstuff": 0,
  "coal": 0,
  "haematite": 0,
  "iron": 0,
  "refinediron": 0,
  "silver": 0,
  "refinedsilver": 0,
  "gold": 0,
  "refinedgold": 0,
  "lumium": 3,
  "diamond": 0,
  "refineddiamond": 0,
  "crystal": 0,
  "soulstone": 0,
  "soulgem": 0
 },
 {
  "ID": 5,
  "Implemented": 1,
  "Name": "Diamond Pickaxe",
  "Desc": "Can mine everything",
  "Type": "pick",
  "Catalyst": 200,
  "GoldenFishball": 0,
  "FatBlob": 0,
  "fishstick": 16,
  "stone": 0,
  "refinedstone": 0,
  "darkstone": 0,
  "refineddarkstone": 0,
  "darkstuff": 0,
  "coal": 0,
  "haematite": 0,
  "iron": 0,
  "refinediron": 0,
  "silver": 0,
  "refinedsilver": 0,
  "gold": 0,
  "refinedgold": 0,
  "lumium": 0,
  "diamond": 3,
  "refineddiamond": 0,
  "crystal": 0,
  "soulstone": 0,
  "soulgem": 0
 },
 {
  "ID": 6,
  "Implemented": 1,
  "Name": "Soulstone Pickaxe",
  "Type": "pick",
  "Catalyst": 333,
  "GoldenFishball": 0,
  "FatBlob": 0,
  "fishstick": 32,
  "stone": 0,
  "refinedstone": 0,
  "darkstone": 0,
  "refineddarkstone": 0,
  "darkstuff": 0,
  "coal": 0,
  "haematite": 0,
  "iron": 0,
  "refinediron": 0,
  "silver": 0,
  "refinedsilver": 0,
  "gold": 0,
  "refinedgold": 0,
  "lumium": 0,
  "diamond": 0,
  "refineddiamond": 0,
  "crystal": 0,
  "soulstone": 2,
  "soulgem": 0
 },
 {
  "ID": 7,
  "Implemented": 0,
  "GoldenFishball": 0,
  "FatBlob": 0,
  "fishstick": 0,
  "stone": 0,
  "refinedstone": 0,
  "darkstone": 0,
  "refineddarkstone": 0,
  "darkstuff": 0,
  "coal": 0,
  "haematite": 0,
  "iron": 0,
  "refinediron": 0,
  "silver": 0,
  "refinedsilver": 0,
  "gold": 0,
  "refinedgold": 0,
  "lumium": 0,
  "diamond": 0,
  "refineddiamond": 0,
  "crystal": 0,
  "soulstone": 0,
  "soulgem": 0
 },
 {
  "ID": 8,
  "Implemented": 0,
  "GoldenFishball": 0,
  "FatBlob": 0,
  "fishstick": 0,
  "stone": 0,
  "refinedstone": 0,
  "darkstone": 0,
  "refineddarkstone": 0,
  "darkstuff": 0,
  "coal": 0,
  "haematite": 0,
  "iron": 0,
  "refinediron": 0,
  "silver": 0,
  "refinedsilver": 0,
  "gold": 0,
  "refinedgold": 0,
  "lumium": 0,
  "diamond": 0,
  "refineddiamond": 0,
  "crystal": 0,
  "soulstone": 0,
  "soulgem": 0
 },
 {
  "ID": 9,
  "Implemented": 0,
  "GoldenFishball": 0,
  "FatBlob": 0,
  "fishstick": 0,
  "stone": 0,
  "refinedstone": 0,
  "darkstone": 0,
  "refineddarkstone": 0,
  "darkstuff": 0,
  "coal": 0,
  "haematite": 0,
  "iron": 0,
  "refinediron": 0,
  "silver": 0,
  "refinedsilver": 0,
  "gold": 0,
  "refinedgold": 0,
  "lumium": 0,
  "diamond": 0,
  "refineddiamond": 0,
  "crystal": 0,
  "soulstone": 0,
  "soulgem": 0
 },
 {
  "ID": 10,
  "Implemented": 0,
  "GoldenFishball": 0,
  "FatBlob": 0,
  "fishstick": 0,
  "stone": 0,
  "refinedstone": 0,
  "darkstone": 0,
  "refineddarkstone": 0,
  "darkstuff": 0,
  "coal": 0,
  "haematite": 0,
  "iron": 0,
  "refinediron": 0,
  "silver": 0,
  "refinedsilver": 0,
  "gold": 0,
  "refinedgold": 0,
  "lumium": 0,
  "diamond": 0,
  "refineddiamond": 0,
  "crystal": 0,
  "soulstone": 0,
  "soulgem": 0
 },
 {
  "ID": 11,
  "Implemented": 0,
  "GoldenFishball": 0,
  "FatBlob": 0,
  "fishstick": 0,
  "stone": 0,
  "refinedstone": 0,
  "darkstone": 0,
  "refineddarkstone": 0,
  "darkstuff": 0,
  "coal": 0,
  "haematite": 0,
  "iron": 0,
  "refinediron": 0,
  "silver": 0,
  "refinedsilver": 0,
  "gold": 0,
  "refinedgold": 0,
  "lumium": 0,
  "diamond": 0,
  "refineddiamond": 0,
  "crystal": 0,
  "soulstone": 0,
  "soulgem": 0
 },
 {
  "ID": 12,
  "Implemented": 0,
  "GoldenFishball": 0,
  "FatBlob": 0,
  "fishstick": 0,
  "stone": 0,
  "refinedstone": 0,
  "darkstone": 0,
  "refineddarkstone": 0,
  "darkstuff": 0,
  "coal": 0,
  "haematite": 0,
  "iron": 0,
  "refinediron": 0,
  "silver": 0,
  "refinedsilver": 0,
  "gold": 0,
  "refinedgold": 0,
  "lumium": 0,
  "diamond": 0,
  "refineddiamond": 0,
  "crystal": 0,
  "soulstone": 0,
  "soulgem": 0
 },
 {
  "ID": 13,
  "Implemented": 0,
  "GoldenFishball": 0,
  "FatBlob": 0,
  "fishstick": 0,
  "stone": 0,
  "refinedstone": 0,
  "darkstone": 0,
  "refineddarkstone": 0,
  "darkstuff": 0,
  "coal": 0,
  "haematite": 0,
  "iron": 0,
  "refinediron": 0,
  "silver": 0,
  "refinedsilver": 0,
  "gold": 0,
  "refinedgold": 0,
  "lumium": 0,
  "diamond": 0,
  "refineddiamond": 0,
  "crystal": 0,
  "soulstone": 0,
  "soulgem": 0
 },
 {
  "ID": 14,
  "Implemented": 0,
  "GoldenFishball": 0,
  "FatBlob": 0,
  "fishstick": 0,
  "stone": 0,
  "refinedstone": 0,
  "darkstone": 0,
  "refineddarkstone": 0,
  "darkstuff": 0,
  "coal": 0,
  "haematite": 0,
  "iron": 0,
  "refinediron": 0,
  "silver": 0,
  "refinedsilver": 0,
  "gold": 0,
  "refinedgold": 0,
  "lumium": 0,
  "diamond": 0,
  "refineddiamond": 0,
  "crystal": 0,
  "soulstone": 0,
  "soulgem": 0
 },
 {
  "ID": 15,
  "Implemented": 0,
  "GoldenFishball": 0,
  "FatBlob": 0,
  "fishstick": 0,
  "stone": 0,
  "refinedstone": 0,
  "darkstone": 0,
  "refineddarkstone": 0,
  "darkstuff": 0,
  "coal": 0,
  "haematite": 0,
  "iron": 0,
  "refinediron": 0,
  "silver": 0,
  "refinedsilver": 0,
  "gold": 0,
  "refinedgold": 0,
  "lumium": 0,
  "diamond": 0,
  "refineddiamond": 0,
  "crystal": 0,
  "soulstone": 0,
  "soulgem": 0
 },
 {
  "ID": 16,
  "Implemented": 0,
  "GoldenFishball": 0,
  "FatBlob": 0,
  "fishstick": 0,
  "stone": 0,
  "refinedstone": 0,
  "darkstone": 0,
  "refineddarkstone": 0,
  "darkstuff": 0,
  "coal": 0,
  "haematite": 0,
  "iron": 0,
  "refinediron": 0,
  "silver": 0,
  "refinedsilver": 0,
  "gold": 0,
  "refinedgold": 0,
  "lumium": 0,
  "diamond": 0,
  "refineddiamond": 0,
  "crystal": 0,
  "soulstone": 0,
  "soulgem": 0
 },
 {
  "ID": 17,
  "Implemented": 0,
  "GoldenFishball": 0,
  "FatBlob": 0,
  "fishstick": 0,
  "stone": 0,
  "refinedstone": 0,
  "darkstone": 0,
  "refineddarkstone": 0,
  "darkstuff": 0,
  "coal": 0,
  "haematite": 0,
  "iron": 0,
  "refinediron": 0,
  "silver": 0,
  "refinedsilver": 0,
  "gold": 0,
  "refinedgold": 0,
  "lumium": 0,
  "diamond": 0,
  "refineddiamond": 0,
  "crystal": 0,
  "soulstone": 0,
  "soulgem": 0
 },
 {
  "ID": 18,
  "Implemented": 0,
  "GoldenFishball": 0,
  "FatBlob": 0,
  "fishstick": 0,
  "stone": 0,
  "refinedstone": 0,
  "darkstone": 0,
  "refineddarkstone": 0,
  "darkstuff": 0,
  "coal": 0,
  "haematite": 0,
  "iron": 0,
  "refinediron": 0,
  "silver": 0,
  "refinedsilver": 0,
  "gold": 0,
  "refinedgold": 0,
  "lumium": 0,
  "diamond": 0,
  "refineddiamond": 0,
  "crystal": 0,
  "soulstone": 0,
  "soulgem": 0
 },
 {
  "ID": 19,
  "Implemented": 0,
  "GoldenFishball": 0,
  "FatBlob": 0,
  "fishstick": 0,
  "stone": 0,
  "refinedstone": 0,
  "darkstone": 0,
  "refineddarkstone": 0,
  "darkstuff": 0,
  "coal": 0,
  "haematite": 0,
  "iron": 0,
  "refinediron": 0,
  "silver": 0,
  "refinedsilver": 0,
  "gold": 0,
  "refinedgold": 0,
  "lumium": 0,
  "diamond": 0,
  "refineddiamond": 0,
  "crystal": 0,
  "soulstone": 0,
  "soulgem": 0
 },
 {
  "ID": 20,
  "Implemented": 1,
  "Name": "Simple Furnace",
  "Desc": "burn",
  "Type": "furnace",
  "Catalyst": 50,
  "GoldenFishball": 0,
  "FatBlob": 0,
  "fishstick": 0,
  "stone": 8,
  "refinedstone": 0,
  "darkstone": 0,
  "refineddarkstone": 0,
  "darkstuff": 0,
  "coal": 0,
  "haematite": 0,
  "iron": 0,
  "refinediron": 0,
  "silver": 0,
  "refinedsilver": 0,
  "gold": 0,
  "refinedgold": 0,
  "lumium": 0,
  "diamond": 0,
  "refineddiamond": 0,
  "crystal": 0,
  "soulstone": 0,
  "soulgem": 0
 },
 {
  "ID": 21,
  "Implemented": 1,
  "Name": "Advanced Furnace",
  "Desc": "burn, but with a 20% chance to double output",
  "Type": "furnace",
  "Catalyst": 200,
  "GoldenFishball": 0,
  "FatBlob": 0,
  "fishstick": 0,
  "stone": 0,
  "refinedstone": 4,
  "darkstone": 0,
  "refineddarkstone": 4,
  "darkstuff": 0,
  "coal": 0,
  "haematite": 0,
  "iron": 4,
  "refinediron": 0,
  "silver": 0,
  "refinedsilver": 0,
  "gold": 0,
  "refinedgold": 0,
  "lumium": 0,
  "diamond": 0,
  "refineddiamond": 0,
  "crystal": 0,
  "soulstone": 0,
  "soulgem": 0
 },
 {
  "ID": 22,
  "Implemented": 1,
  "Name": "Dark Furnace",
  "Desc": "40% chance to burn the item and 60% chance to double output",
  "Type": "furnace",
  "Catalyst": 200,
  "GoldenFishball": 0,
  "FatBlob": 0,
  "fishstick": 0,
  "stone": 0,
  "refinedstone": 0,
  "darkstone": 0,
  "refineddarkstone": 8,
  "darkstuff": 8,
  "coal": 0,
  "haematite": 0,
  "iron": 4,
  "refinediron": 0,
  "silver": 0,
  "refinedsilver": 0,
  "gold": 0,
  "refinedgold": 0,
  "lumium": 0,
  "diamond": 0,
  "refineddiamond": 0,
  "crystal": 0,
  "soulstone": 0,
  "soulgem": 0
 },
 {
  "ID": 23,
  "Implemented": 0,
  "GoldenFishball": 0,
  "FatBlob": 0,
  "fishstick": 0,
  "stone": 0,
  "refinedstone": 0,
  "darkstone": 0,
  "refineddarkstone": 0,
  "darkstuff": 0,
  "coal": 0,
  "haematite": 0,
  "iron": 0,
  "refinediron": 0,
  "silver": 0,
  "refinedsilver": 0,
  "gold": 0,
  "refinedgold": 0,
  "lumium": 0,
  "diamond": 0,
  "refineddiamond": 0,
  "crystal": 0,
  "soulstone": 0,
  "soulgem": 0
 },
 {
  "ID": 24,
  "Implemented": 0,
  "GoldenFishball": 0,
  "FatBlob": 0,
  "fishstick": 0,
  "stone": 0,
  "refinedstone": 0,
  "darkstone": 0,
  "refineddarkstone": 0,
  "darkstuff": 0,
  "coal": 0,
  "haematite": 0,
  "iron": 0,
  "refinediron": 0,
  "silver": 0,
  "refinedsilver": 0,
  "gold": 0,
  "refinedgold": 0,
  "lumium": 0,
  "diamond": 0,
  "refineddiamond": 0,
  "crystal": 0,
  "soulstone": 0,
  "soulgem": 0
 },
 {
  "ID": 25,
  "Implemented": 0,
  "GoldenFishball": 0,
  "FatBlob": 0,
  "fishstick": 0,
  "stone": 0,
  "refinedstone": 0,
  "darkstone": 0,
  "refineddarkstone": 0,
  "darkstuff": 0,
  "coal": 0,
  "haematite": 0,
  "iron": 0,
  "refinediron": 0,
  "silver": 0,
  "refinedsilver": 0,
  "gold": 0,
  "refinedgold": 0,
  "lumium": 0,
  "diamond": 0,
  "refineddiamond": 0,
  "crystal": 0,
  "soulstone": 0,
  "soulgem": 0
 },
 {
  "ID": 26,
  "Implemented": 0,
  "GoldenFishball": 0,
  "FatBlob": 0,
  "fishstick": 0,
  "stone": 0,
  "refinedstone": 0,
  "darkstone": 0,
  "refineddarkstone": 0,
  "darkstuff": 0,
  "coal": 0,
  "haematite": 0,
  "iron": 0,
  "refinediron": 0,
  "silver": 0,
  "refinedsilver": 0,
  "gold": 0,
  "refinedgold": 0,
  "lumium": 0,
  "diamond": 0,
  "refineddiamond": 0,
  "crystal": 0,
  "soulstone": 0,
  "soulgem": 0
 },
 {
  "ID": 27,
  "Implemented": 0,
  "GoldenFishball": 0,
  "FatBlob": 0,
  "fishstick": 0,
  "stone": 0,
  "refinedstone": 0,
  "darkstone": 0,
  "refineddarkstone": 0,
  "darkstuff": 0,
  "coal": 0,
  "haematite": 0,
  "iron": 0,
  "refinediron": 0,
  "silver": 0,
  "refinedsilver": 0,
  "gold": 0,
  "refinedgold": 0,
  "lumium": 0,
  "diamond": 0,
  "refineddiamond": 0,
  "crystal": 0,
  "soulstone": 0,
  "soulgem": 0
 },
 {
  "ID": 28,
  "Implemented": 0,
  "GoldenFishball": 0,
  "FatBlob": 0,
  "fishstick": 0,
  "stone": 0,
  "refinedstone": 0,
  "darkstone": 0,
  "refineddarkstone": 0,
  "darkstuff": 0,
  "coal": 0,
  "haematite": 0,
  "iron": 0,
  "refinediron": 0,
  "silver": 0,
  "refinedsilver": 0,
  "gold": 0,
  "refinedgold": 0,
  "lumium": 0,
  "diamond": 0,
  "refineddiamond": 0,
  "crystal": 0,
  "soulstone": 0,
  "soulgem": 0
 },
 {
  "ID": 29,
  "Implemented": 0,
  "GoldenFishball": 0,
  "FatBlob": 0,
  "fishstick": 0,
  "stone": 0,
  "refinedstone": 0,
  "darkstone": 0,
  "refineddarkstone": 0,
  "darkstuff": 0,
  "coal": 0,
  "haematite": 0,
  "iron": 0,
  "refinediron": 0,
  "silver": 0,
  "refinedsilver": 0,
  "gold": 0,
  "refinedgold": 0,
  "lumium": 0,
  "diamond": 0,
  "refineddiamond": 0,
  "crystal": 0,
  "soulstone": 0,
  "soulgem": 0
 },
 {
  "ID": 30,
  "Implemented": 1,
  "Name": "Simple Refinary",
  "Desc": "Refine.",
  "Type": "refinary",
  "Catalyst": 200,
  "GoldenFishball": 0,
  "FatBlob": 0,
  "fishstick": 0,
  "stone": 8,
  "refinedstone": 0,
  "darkstone": 0,
  "refineddarkstone": 0,
  "darkstuff": 0,
  "coal": 0,
  "haematite": 0,
  "iron": 4,
  "refinediron": 0,
  "silver": 0,
  "refinedsilver": 0,
  "gold": 0,
  "refinedgold": 0,
  "lumium": 0,
  "diamond": 0,
  "refineddiamond": 0,
  "crystal": 0,
  "soulstone": 0,
  "soulgem": 0
 },
 {
  "ID": 31,
  "Implemented": 0,
  "GoldenFishball": 0,
  "FatBlob": 0,
  "fishstick": 0,
  "stone": 0,
  "refinedstone": 0,
  "darkstone": 0,
  "refineddarkstone": 0,
  "darkstuff": 0,
  "coal": 0,
  "haematite": 0,
  "iron": 0,
  "refinediron": 0,
  "silver": 0,
  "refinedsilver": 0,
  "gold": 0,
  "refinedgold": 0,
  "lumium": 0,
  "diamond": 0,
  "refineddiamond": 0,
  "crystal": 0,
  "soulstone": 0,
  "soulgem": 0
 },
 {
  "ID": 32,
  "Implemented": 0,
  "GoldenFishball": 0,
  "FatBlob": 0,
  "fishstick": 0,
  "stone": 0,
  "refinedstone": 0,
  "darkstone": 0,
  "refineddarkstone": 0,
  "darkstuff": 0,
  "coal": 0,
  "haematite": 0,
  "iron": 0,
  "refinediron": 0,
  "silver": 0,
  "refinedsilver": 0,
  "gold": 0,
  "refinedgold": 0,
  "lumium": 0,
  "diamond": 0,
  "refineddiamond": 0,
  "crystal": 0,
  "soulstone": 0,
  "soulgem": 0
 },
 {
  "ID": 33,
  "Implemented": 0,
  "GoldenFishball": 0,
  "FatBlob": 0,
  "fishstick": 0,
  "stone": 0,
  "refinedstone": 0,
  "darkstone": 0,
  "refineddarkstone": 0,
  "darkstuff": 0,
  "coal": 0,
  "haematite": 0,
  "iron": 0,
  "refinediron": 0,
  "silver": 0,
  "refinedsilver": 0,
  "gold": 0,
  "refinedgold": 0,
  "lumium": 0,
  "diamond": 0,
  "refineddiamond": 0,
  "crystal": 0,
  "soulstone": 0,
  "soulgem": 0
 },
 {
  "ID": 34,
  "Implemented": 0,
  "GoldenFishball": 0,
  "FatBlob": 0,
  "fishstick": 0,
  "stone": 0,
  "refinedstone": 0,
  "darkstone": 0,
  "refineddarkstone": 0,
  "darkstuff": 0,
  "coal": 0,
  "haematite": 0,
  "iron": 0,
  "refinediron": 0,
  "silver": 0,
  "refinedsilver": 0,
  "gold": 0,
  "refinedgold": 0,
  "lumium": 0,
  "diamond": 0,
  "refineddiamond": 0,
  "crystal": 0,
  "soulstone": 0,
  "soulgem": 0
 },
 {
  "ID": 35,
  "Implemented": 0,
  "GoldenFishball": 0,
  "FatBlob": 0,
  "fishstick": 0,
  "stone": 0,
  "refinedstone": 0,
  "darkstone": 0,
  "refineddarkstone": 0,
  "darkstuff": 0,
  "coal": 0,
  "haematite": 0,
  "iron": 0,
  "refinediron": 0,
  "silver": 0,
  "refinedsilver": 0,
  "gold": 0,
  "refinedgold": 0,
  "lumium": 0,
  "diamond": 0,
  "refineddiamond": 0,
  "crystal": 0,
  "soulstone": 0,
  "soulgem": 0
 },
 {
  "ID": 36,
  "Implemented": 0,
  "GoldenFishball": 0,
  "FatBlob": 0,
  "fishstick": 0,
  "stone": 0,
  "refinedstone": 0,
  "darkstone": 0,
  "refineddarkstone": 0,
  "darkstuff": 0,
  "coal": 0,
  "haematite": 0,
  "iron": 0,
  "refinediron": 0,
  "silver": 0,
  "refinedsilver": 0,
  "gold": 0,
  "refinedgold": 0,
  "lumium": 0,
  "diamond": 0,
  "refineddiamond": 0,
  "crystal": 0,
  "soulstone": 0,
  "soulgem": 0
 },
 {
  "ID": 37,
  "Implemented": 0,
  "GoldenFishball": 0,
  "FatBlob": 0,
  "fishstick": 0,
  "stone": 0,
  "refinedstone": 0,
  "darkstone": 0,
  "refineddarkstone": 0,
  "darkstuff": 0,
  "coal": 0,
  "haematite": 0,
  "iron": 0,
  "refinediron": 0,
  "silver": 0,
  "refinedsilver": 0,
  "gold": 0,
  "refinedgold": 0,
  "lumium": 0,
  "diamond": 0,
  "refineddiamond": 0,
  "crystal": 0,
  "soulstone": 0,
  "soulgem": 0
 },
 {
  "ID": 38,
  "Implemented": 0,
  "GoldenFishball": 0,
  "FatBlob": 0,
  "fishstick": 0,
  "stone": 0,
  "refinedstone": 0,
  "darkstone": 0,
  "refineddarkstone": 0,
  "darkstuff": 0,
  "coal": 0,
  "haematite": 0,
  "iron": 0,
  "refinediron": 0,
  "silver": 0,
  "refinedsilver": 0,
  "gold": 0,
  "refinedgold": 0,
  "lumium": 0,
  "diamond": 0,
  "refineddiamond": 0,
  "crystal": 0,
  "soulstone": 0,
  "soulgem": 0
 },
 {
  "ID": 39,
  "Implemented": 0,
  "GoldenFishball": 0,
  "FatBlob": 0,
  "fishstick": 0,
  "stone": 0,
  "refinedstone": 0,
  "darkstone": 0,
  "refineddarkstone": 0,
  "darkstuff": 0,
  "coal": 0,
  "haematite": 0,
  "iron": 0,
  "refinediron": 0,
  "silver": 0,
  "refinedsilver": 0,
  "gold": 0,
  "refinedgold": 0,
  "lumium": 0,
  "diamond": 0,
  "refineddiamond": 0,
  "crystal": 0,
  "soulstone": 0,
  "soulgem": 0
 },
 {
  "ID": 40,
  "Implemented": 1,
  "Name": "Simple Alloy Furnace",
  "Desc": "Turn stuff into alloys",
  "Type": "alloy",
  "Catalyst": 200,
  "GoldenFishball": 0,
  "FatBlob": 0,
  "fishstick": 0,
  "stone": 8,
  "refinedstone": 0,
  "darkstone": 0,
  "refineddarkstone": 0,
  "darkstuff": 0,
  "coal": 0,
  "haematite": 0,
  "iron": 4,
  "refinediron": 0,
  "silver": 0,
  "refinedsilver": 0,
  "gold": 0,
  "refinedgold": 0,
  "lumium": 0,
  "diamond": 0,
  "refineddiamond": 0,
  "crystal": 0,
  "soulstone": 0,
  "soulgem": 0
 },
 {
  "ID": 41,
  "Implemented": 0,
  "GoldenFishball": 0,
  "FatBlob": 0,
  "fishstick": 0,
  "stone": 0,
  "refinedstone": 0,
  "darkstone": 0,
  "refineddarkstone": 0,
  "darkstuff": 0,
  "coal": 0,
  "haematite": 0,
  "iron": 0,
  "refinediron": 0,
  "silver": 0,
  "refinedsilver": 0,
  "gold": 0,
  "refinedgold": 0,
  "lumium": 0,
  "diamond": 0,
  "refineddiamond": 0,
  "crystal": 0,
  "soulstone": 0,
  "soulgem": 0
 },
 {
  "ID": 42,
  "Implemented": 0,
  "GoldenFishball": 0,
  "FatBlob": 0,
  "fishstick": 0,
  "stone": 0,
  "refinedstone": 0,
  "darkstone": 0,
  "refineddarkstone": 0,
  "darkstuff": 0,
  "coal": 0,
  "haematite": 0,
  "iron": 0,
  "refinediron": 0,
  "silver": 0,
  "refinedsilver": 0,
  "gold": 0,
  "refinedgold": 0,
  "lumium": 0,
  "diamond": 0,
  "refineddiamond": 0,
  "crystal": 0,
  "soulstone": 0,
  "soulgem": 0
 },
 {
  "ID": 43,
  "Implemented": 0,
  "GoldenFishball": 0,
  "FatBlob": 0,
  "fishstick": 0,
  "stone": 0,
  "refinedstone": 0,
  "darkstone": 0,
  "refineddarkstone": 0,
  "darkstuff": 0,
  "coal": 0,
  "haematite": 0,
  "iron": 0,
  "refinediron": 0,
  "silver": 0,
  "refinedsilver": 0,
  "gold": 0,
  "refinedgold": 0,
  "lumium": 0,
  "diamond": 0,
  "refineddiamond": 0,
  "crystal": 0,
  "soulstone": 0,
  "soulgem": 0
 },
 {
  "ID": 44,
  "Implemented": 0,
  "GoldenFishball": 0,
  "FatBlob": 0,
  "fishstick": 0,
  "stone": 0,
  "refinedstone": 0,
  "darkstone": 0,
  "refineddarkstone": 0,
  "darkstuff": 0,
  "coal": 0,
  "haematite": 0,
  "iron": 0,
  "refinediron": 0,
  "silver": 0,
  "refinedsilver": 0,
  "gold": 0,
  "refinedgold": 0,
  "lumium": 0,
  "diamond": 0,
  "refineddiamond": 0,
  "crystal": 0,
  "soulstone": 0,
  "soulgem": 0
 },
 {
  "ID": 45,
  "Implemented": 0,
  "GoldenFishball": 0,
  "FatBlob": 0,
  "fishstick": 0,
  "stone": 0,
  "refinedstone": 0,
  "darkstone": 0,
  "refineddarkstone": 0,
  "darkstuff": 0,
  "coal": 0,
  "haematite": 0,
  "iron": 0,
  "refinediron": 0,
  "silver": 0,
  "refinedsilver": 0,
  "gold": 0,
  "refinedgold": 0,
  "lumium": 0,
  "diamond": 0,
  "refineddiamond": 0,
  "crystal": 0,
  "soulstone": 0,
  "soulgem": 0
 },
 {
  "ID": 46,
  "Implemented": 0,
  "GoldenFishball": 0,
  "FatBlob": 0,
  "fishstick": 0,
  "stone": 0,
  "refinedstone": 0,
  "darkstone": 0,
  "refineddarkstone": 0,
  "darkstuff": 0,
  "coal": 0,
  "haematite": 0,
  "iron": 0,
  "refinediron": 0,
  "silver": 0,
  "refinedsilver": 0,
  "gold": 0,
  "refinedgold": 0,
  "lumium": 0,
  "diamond": 0,
  "refineddiamond": 0,
  "crystal": 0,
  "soulstone": 0,
  "soulgem": 0
 },
 {
  "ID": 47,
  "Implemented": 0,
  "GoldenFishball": 0,
  "FatBlob": 0,
  "fishstick": 0,
  "stone": 0,
  "refinedstone": 0,
  "darkstone": 0,
  "refineddarkstone": 0,
  "darkstuff": 0,
  "coal": 0,
  "haematite": 0,
  "iron": 0,
  "refinediron": 0,
  "silver": 0,
  "refinedsilver": 0,
  "gold": 0,
  "refinedgold": 0,
  "lumium": 0,
  "diamond": 0,
  "refineddiamond": 0,
  "crystal": 0,
  "soulstone": 0,
  "soulgem": 0
 },
 {
  "ID": 48,
  "Implemented": 0,
  "GoldenFishball": 0,
  "FatBlob": 0,
  "fishstick": 0,
  "stone": 0,
  "refinedstone": 0,
  "darkstone": 0,
  "refineddarkstone": 0,
  "darkstuff": 0,
  "coal": 0,
  "haematite": 0,
  "iron": 0,
  "refinediron": 0,
  "silver": 0,
  "refinedsilver": 0,
  "gold": 0,
  "refinedgold": 0,
  "lumium": 0,
  "diamond": 0,
  "refineddiamond": 0,
  "crystal": 0,
  "soulstone": 0,
  "soulgem": 0
 },
 {
  "ID": 49,
  "Implemented": 0,
  "GoldenFishball": 0,
  "FatBlob": 0,
  "fishstick": 0,
  "stone": 0,
  "refinedstone": 0,
  "darkstone": 0,
  "refineddarkstone": 0,
  "darkstuff": 0,
  "coal": 0,
  "haematite": 0,
  "iron": 0,
  "refinediron": 0,
  "silver": 0,
  "refinedsilver": 0,
  "gold": 0,
  "refinedgold": 0,
  "lumium": 0,
  "diamond": 0,
  "refineddiamond": 0,
  "crystal": 0,
  "soulstone": 0,
  "soulgem": 0
 },
 {
  "ID": 50,
  "Implemented": 1,
  "Name": "Stone Statue",
  "Type": "statue",
  "Catalyst": 100,
  "GoldenFishball": 0,
  "FatBlob": 0,
  "fishstick": 0,
  "stone": 0,
  "refinedstone": 10,
  "darkstone": 0,
  "refineddarkstone": 0,
  "darkstuff": 0,
  "coal": 0,
  "haematite": 0,
  "iron": 0,
  "refinediron": 0,
  "silver": 0,
  "refinedsilver": 0,
  "gold": 0,
  "refinedgold": 0,
  "lumium": 0,
  "diamond": 0,
  "refineddiamond": 0,
  "crystal": 0,
  "soulstone": 0,
  "soulgem": 0
 },
 {
  "ID": 51,
  "Implemented": 1,
  "Name": "Dark Statue",
  "Type": "statue",
  "Catalyst": 100,
  "GoldenFishball": 0,
  "FatBlob": 0,
  "fishstick": 0,
  "stone": 0,
  "refinedstone": 0,
  "darkstone": 0,
  "refineddarkstone": 10,
  "darkstuff": 10,
  "coal": 0,
  "haematite": 0,
  "iron": 0,
  "refinediron": 0,
  "silver": 0,
  "refinedsilver": 0,
  "gold": 0,
  "refinedgold": 0,
  "lumium": 0,
  "diamond": 0,
  "refineddiamond": 0,
  "crystal": 0,
  "soulstone": 0,
  "soulgem": 0
 },
 {
  "ID": 52,
  "Implemented": 1,
  "Name": "Iron Statue",
  "Type": "statue",
  "Catalyst": 200,
  "GoldenFishball": 0,
  "FatBlob": 0,
  "fishstick": 0,
  "stone": 0,
  "refinedstone": 0,
  "darkstone": 0,
  "refineddarkstone": 0,
  "darkstuff": 0,
  "coal": 0,
  "haematite": 0,
  "iron": 0,
  "refinediron": 10,
  "silver": 0,
  "refinedsilver": 0,
  "gold": 0,
  "refinedgold": 0,
  "lumium": 0,
  "diamond": 0,
  "refineddiamond": 0,
  "crystal": 0,
  "soulstone": 0,
  "soulgem": 0
 },
 {
  "ID": 53,
  "Implemented": 1,
  "Name": "Silver Statue",
  "Type": "statue",
  "Catalyst": 400,
  "GoldenFishball": 0,
  "FatBlob": 0,
  "fishstick": 0,
  "stone": 0,
  "refinedstone": 0,
  "darkstone": 0,
  "refineddarkstone": 0,
  "darkstuff": 0,
  "coal": 0,
  "haematite": 0,
  "iron": 0,
  "refinediron": 0,
  "silver": 0,
  "refinedsilver": 10,
  "gold": 0,
  "refinedgold": 0,
  "lumium": 0,
  "diamond": 0,
  "refineddiamond": 0,
  "crystal": 0,
  "soulstone": 0,
  "soulgem": 0
 },
 {
  "ID": 54,
  "Implemented": 1,
  "Name": "Gold Statue",
  "Type": "statue",
  "Catalyst": 600,
  "GoldenFishball": 0,
  "FatBlob": 0,
  "fishstick": 0,
  "stone": 0,
  "refinedstone": 0,
  "darkstone": 0,
  "refineddarkstone": 0,
  "darkstuff": 0,
  "coal": 0,
  "haematite": 0,
  "iron": 0,
  "refinediron": 0,
  "silver": 0,
  "refinedsilver": 0,
  "gold": 0,
  "refinedgold": 10,
  "lumium": 0,
  "diamond": 0,
  "refineddiamond": 0,
  "crystal": 0,
  "soulstone": 0,
  "soulgem": 0
 },
 {
  "ID": 55,
  "Implemented": 1,
  "Name": "Diamond Statue",
  "Type": "statue",
  "Catalyst": 800,
  "GoldenFishball": 0,
  "FatBlob": 0,
  "fishstick": 0,
  "stone": 0,
  "refinedstone": 0,
  "darkstone": 0,
  "refineddarkstone": 0,
  "darkstuff": 0,
  "coal": 0,
  "haematite": 0,
  "iron": 0,
  "refinediron": 0,
  "silver": 0,
  "refinedsilver": 0,
  "gold": 0,
  "refinedgold": 0,
  "lumium": 0,
  "diamond": 0,
  "refineddiamond": 10,
  "crystal": 0,
  "soulstone": 0,
  "soulgem": 0
 },
 {
  "ID": 56,
  "Implemented": 1,
  "Name": "Crystal Statue",
  "Type": "statue",
  "Catalyst": 1000,
  "GoldenFishball": 0,
  "FatBlob": 0,
  "fishstick": 0,
  "stone": 0,
  "refinedstone": 0,
  "darkstone": 0,
  "refineddarkstone": 0,
  "darkstuff": 0,
  "coal": 0,
  "haematite": 0,
  "iron": 0,
  "refinediron": 0,
  "silver": 0,
  "refinedsilver": 0,
  "gold": 0,
  "refinedgold": 0,
  "lumium": 0,
  "diamond": 0,
  "refineddiamond": 0,
  "crystal": 10,
  "soulstone": 0,
  "soulgem": 0
 },
 {
  "ID": 57,
  "Implemented": 0,
  "GoldenFishball": 0,
  "FatBlob": 0,
  "fishstick": 0,
  "stone": 0,
  "refinedstone": 0,
  "darkstone": 0,
  "refineddarkstone": 0,
  "darkstuff": 0,
  "coal": 0,
  "haematite": 0,
  "iron": 0,
  "refinediron": 0,
  "silver": 0,
  "refinedsilver": 0,
  "gold": 0,
  "refinedgold": 0,
  "lumium": 0,
  "diamond": 0,
  "refineddiamond": 0,
  "crystal": 0,
  "soulstone": 0,
  "soulgem": 0
 },
 {
  "ID": 58,
  "Implemented": 0,
  "GoldenFishball": 0,
  "FatBlob": 0,
  "fishstick": 0,
  "stone": 0,
  "refinedstone": 0,
  "darkstone": 0,
  "refineddarkstone": 0,
  "darkstuff": 0,
  "coal": 0,
  "haematite": 0,
  "iron": 0,
  "refinediron": 0,
  "silver": 0,
  "refinedsilver": 0,
  "gold": 0,
  "refinedgold": 0,
  "lumium": 0,
  "diamond": 0,
  "refineddiamond": 0,
  "crystal": 0,
  "soulstone": 0,
  "soulgem": 0
 },
 {
  "ID": 59,
  "Implemented": 0,
  "GoldenFishball": 0,
  "FatBlob": 0,
  "fishstick": 0,
  "stone": 0,
  "refinedstone": 0,
  "darkstone": 0,
  "refineddarkstone": 0,
  "darkstuff": 0,
  "coal": 0,
  "haematite": 0,
  "iron": 0,
  "refinediron": 0,
  "silver": 0,
  "refinedsilver": 0,
  "gold": 0,
  "refinedgold": 0,
  "lumium": 0,
  "diamond": 0,
  "refineddiamond": 0,
  "crystal": 0,
  "soulstone": 0,
  "soulgem": 0
 },
 {
  "ID": 60,
  "Implemented": 1,
  "Name": "Baal of the gold",
  "Desc": "Triples fishball KGPS",
  "Type": "food",
  "Catalyst": 1000,
  "GoldenFishball": 1,
  "FatBlob": 0,
  "fishstick": 100,
  "stone": 0,
  "refinedstone": 0,
  "darkstone": 0,
  "refineddarkstone": 0,
  "darkstuff": 0,
  "coal": 0,
  "haematite": 0,
  "iron": 0,
  "refinediron": 0,
  "silver": 0,
  "refinedsilver": 0,
  "gold": 0,
  "refinedgold": 10,
  "lumium": 10,
  "diamond": 0,
  "refineddiamond": 0,
  "crystal": 0,
  "soulstone": 0,
  "soulgem": 1
 },
 {
  "ID": 61,
  "Implemented": 1,
  "Name": "Burg of the gold",
  "Desc": "Triples burger KGPS",
  "Type": "food",
  "Catalyst": 1000,
  "GoldenFishball": 0,
  "FatBlob": 1,
  "fishstick": 0,
  "stone": 0,
  "refinedstone": 3,
  "darkstone": 0,
  "refineddarkstone": 3,
  "darkstuff": 3,
  "coal": 3,
  "haematite": 0,
  "iron": 0,
  "refinediron": 3,
  "silver": 0,
  "refinedsilver": 3,
  "gold": 0,
  "refinedgold": 3,
  "lumium": 3,
  "diamond": 0,
  "refineddiamond": 3,
  "crystal": 3,
  "soulstone": 0,
  "soulgem": 1
 },
 {
  "ID": 62,
  "Implemented": 1,
  "Name": "Shop of the gold",
  "Desc": "Triples restaurant KGPS",
  "Type": "food",
  "Catalyst": 1000,
  "GoldenFishball": 1,
  "FatBlob": 0,
  "fishstick": 0,
  "stone": 10,
  "refinedstone": 0,
  "darkstone": 10,
  "refineddarkstone": 0,
  "darkstuff": 0,
  "coal": 0,
  "haematite": 0,
  "iron": 10,
  "refinediron": 0,
  "silver": 0,
  "refinedsilver": 0,
  "gold": 0,
  "refinedgold": 10,
  "lumium": 0,
  "diamond": 0,
  "refineddiamond": 0,
  "crystal": 0,
  "soulstone": 0,
  "soulgem": 1
 },
 {
  "ID": 63,
  "Implemented": 0,
  "GoldenFishball": 0,
  "FatBlob": 0,
  "fishstick": 0,
  "stone": 0,
  "refinedstone": 0,
  "darkstone": 0,
  "refineddarkstone": 0,
  "darkstuff": 0,
  "coal": 0,
  "haematite": 0,
  "iron": 0,
  "refinediron": 0,
  "silver": 0,
  "refinedsilver": 0,
  "gold": 0,
  "refinedgold": 0,
  "lumium": 0,
  "diamond": 0,
  "refineddiamond": 0,
  "crystal": 0,
  "soulstone": 0,
  "soulgem": 0
 },
 {
  "ID": 64,
  "Implemented": 0,
  "GoldenFishball": 0,
  "FatBlob": 0,
  "fishstick": 0,
  "stone": 0,
  "refinedstone": 0,
  "darkstone": 0,
  "refineddarkstone": 0,
  "darkstuff": 0,
  "coal": 0,
  "haematite": 0,
  "iron": 0,
  "refinediron": 0,
  "silver": 0,
  "refinedsilver": 0,
  "gold": 0,
  "refinedgold": 0,
  "lumium": 0,
  "diamond": 0,
  "refineddiamond": 0,
  "crystal": 0,
  "soulstone": 0,
  "soulgem": 0
 },
 {
  "ID": 65,
  "Implemented": 0,
  "GoldenFishball": 0,
  "FatBlob": 0,
  "fishstick": 0,
  "stone": 0,
  "refinedstone": 0,
  "darkstone": 0,
  "refineddarkstone": 0,
  "darkstuff": 0,
  "coal": 0,
  "haematite": 0,
  "iron": 0,
  "refinediron": 0,
  "silver": 0,
  "refinedsilver": 0,
  "gold": 0,
  "refinedgold": 0,
  "lumium": 0,
  "diamond": 0,
  "refineddiamond": 0,
  "crystal": 0,
  "soulstone": 0,
  "soulgem": 0
 },
 {
  "ID": 66,
  "Implemented": 0,
  "GoldenFishball": 0,
  "FatBlob": 0,
  "fishstick": 0,
  "stone": 0,
  "refinedstone": 0,
  "darkstone": 0,
  "refineddarkstone": 0,
  "darkstuff": 0,
  "coal": 0,
  "haematite": 0,
  "iron": 0,
  "refinediron": 0,
  "silver": 0,
  "refinedsilver": 0,
  "gold": 0,
  "refinedgold": 0,
  "lumium": 0,
  "diamond": 0,
  "refineddiamond": 0,
  "crystal": 0,
  "soulstone": 0,
  "soulgem": 0
 },
 {
  "ID": 67,
  "Implemented": 0,
  "GoldenFishball": 0,
  "FatBlob": 0,
  "fishstick": 0,
  "stone": 0,
  "refinedstone": 0,
  "darkstone": 0,
  "refineddarkstone": 0,
  "darkstuff": 0,
  "coal": 0,
  "haematite": 0,
  "iron": 0,
  "refinediron": 0,
  "silver": 0,
  "refinedsilver": 0,
  "gold": 0,
  "refinedgold": 0,
  "lumium": 0,
  "diamond": 0,
  "refineddiamond": 0,
  "crystal": 0,
  "soulstone": 0,
  "soulgem": 0
 },
 {
  "ID": 68,
  "Implemented": 0,
  "GoldenFishball": 0,
  "FatBlob": 0,
  "fishstick": 0,
  "stone": 0,
  "refinedstone": 0,
  "darkstone": 0,
  "refineddarkstone": 0,
  "darkstuff": 0,
  "coal": 0,
  "haematite": 0,
  "iron": 0,
  "refinediron": 0,
  "silver": 0,
  "refinedsilver": 0,
  "gold": 0,
  "refinedgold": 0,
  "lumium": 0,
  "diamond": 0,
  "refineddiamond": 0,
  "crystal": 0,
  "soulstone": 0,
  "soulgem": 0
 },
 {
  "ID": 69,
  "Implemented": 0,
  "GoldenFishball": 0,
  "FatBlob": 0,
  "fishstick": 0,
  "stone": 0,
  "refinedstone": 0,
  "darkstone": 0,
  "refineddarkstone": 0,
  "darkstuff": 0,
  "coal": 0,
  "haematite": 0,
  "iron": 0,
  "refinediron": 0,
  "silver": 0,
  "refinedsilver": 0,
  "gold": 0,
  "refinedgold": 0,
  "lumium": 0,
  "diamond": 0,
  "refineddiamond": 0,
  "crystal": 0,
  "soulstone": 0,
  "soulgem": 0
 },
 {
  "ID": 70,
  "Implemented": 0,
  "GoldenFishball": 0,
  "FatBlob": 0,
  "fishstick": 0,
  "stone": 0,
  "refinedstone": 0,
  "darkstone": 0,
  "refineddarkstone": 0,
  "darkstuff": 0,
  "coal": 0,
  "haematite": 0,
  "iron": 0,
  "refinediron": 0,
  "silver": 0,
  "refinedsilver": 0,
  "gold": 0,
  "refinedgold": 0,
  "lumium": 0,
  "diamond": 0,
  "refineddiamond": 0,
  "crystal": 0,
  "soulstone": 0,
  "soulgem": 0
 },
 {
  "ID": 71,
  "Implemented": 0,
  "GoldenFishball": 0,
  "FatBlob": 0,
  "fishstick": 0,
  "stone": 0,
  "refinedstone": 0,
  "darkstone": 0,
  "refineddarkstone": 0,
  "darkstuff": 0,
  "coal": 0,
  "haematite": 0,
  "iron": 0,
  "refinediron": 0,
  "silver": 0,
  "refinedsilver": 0,
  "gold": 0,
  "refinedgold": 0,
  "lumium": 0,
  "diamond": 0,
  "refineddiamond": 0,
  "crystal": 0,
  "soulstone": 0,
  "soulgem": 0
 },
 {
  "ID": 72,
  "Implemented": 0,
  "GoldenFishball": 0,
  "FatBlob": 0,
  "fishstick": 0,
  "stone": 0,
  "refinedstone": 0,
  "darkstone": 0,
  "refineddarkstone": 0,
  "darkstuff": 0,
  "coal": 0,
  "haematite": 0,
  "iron": 0,
  "refinediron": 0,
  "silver": 0,
  "refinedsilver": 0,
  "gold": 0,
  "refinedgold": 0,
  "lumium": 0,
  "diamond": 0,
  "refineddiamond": 0,
  "crystal": 0,
  "soulstone": 0,
  "soulgem": 0
 },
 {
  "ID": 73,
  "Implemented": 0,
  "GoldenFishball": 0,
  "FatBlob": 0,
  "fishstick": 0,
  "stone": 0,
  "refinedstone": 0,
  "darkstone": 0,
  "refineddarkstone": 0,
  "darkstuff": 0,
  "coal": 0,
  "haematite": 0,
  "iron": 0,
  "refinediron": 0,
  "silver": 0,
  "refinedsilver": 0,
  "gold": 0,
  "refinedgold": 0,
  "lumium": 0,
  "diamond": 0,
  "refineddiamond": 0,
  "crystal": 0,
  "soulstone": 0,
  "soulgem": 0
 },
 {
  "ID": 74,
  "Implemented": 0,
  "GoldenFishball": 0,
  "FatBlob": 0,
  "fishstick": 0,
  "stone": 0,
  "refinedstone": 0,
  "darkstone": 0,
  "refineddarkstone": 0,
  "darkstuff": 0,
  "coal": 0,
  "haematite": 0,
  "iron": 0,
  "refinediron": 0,
  "silver": 0,
  "refinedsilver": 0,
  "gold": 0,
  "refinedgold": 0,
  "lumium": 0,
  "diamond": 0,
  "refineddiamond": 0,
  "crystal": 0,
  "soulstone": 0,
  "soulgem": 0
 },
 {
  "ID": 75,
  "Implemented": 0,
  "GoldenFishball": 0,
  "FatBlob": 0,
  "fishstick": 0,
  "stone": 0,
  "refinedstone": 0,
  "darkstone": 0,
  "refineddarkstone": 0,
  "darkstuff": 0,
  "coal": 0,
  "haematite": 0,
  "iron": 0,
  "refinediron": 0,
  "silver": 0,
  "refinedsilver": 0,
  "gold": 0,
  "refinedgold": 0,
  "lumium": 0,
  "diamond": 0,
  "refineddiamond": 0,
  "crystal": 0,
  "soulstone": 0,
  "soulgem": 0
 },
 {
  "ID": 76,
  "Implemented": 0,
  "GoldenFishball": 0,
  "FatBlob": 0,
  "fishstick": 0,
  "stone": 0,
  "refinedstone": 0,
  "darkstone": 0,
  "refineddarkstone": 0,
  "darkstuff": 0,
  "coal": 0,
  "haematite": 0,
  "iron": 0,
  "refinediron": 0,
  "silver": 0,
  "refinedsilver": 0,
  "gold": 0,
  "refinedgold": 0,
  "lumium": 0,
  "diamond": 0,
  "refineddiamond": 0,
  "crystal": 0,
  "soulstone": 0,
  "soulgem": 0
 },
 {
  "ID": 77,
  "Implemented": 0,
  "GoldenFishball": 0,
  "FatBlob": 0,
  "fishstick": 0,
  "stone": 0,
  "refinedstone": 0,
  "darkstone": 0,
  "refineddarkstone": 0,
  "darkstuff": 0,
  "coal": 0,
  "haematite": 0,
  "iron": 0,
  "refinediron": 0,
  "silver": 0,
  "refinedsilver": 0,
  "gold": 0,
  "refinedgold": 0,
  "lumium": 0,
  "diamond": 0,
  "refineddiamond": 0,
  "crystal": 0,
  "soulstone": 0,
  "soulgem": 0
 },
 {
  "ID": 78,
  "Implemented": 0,
  "GoldenFishball": 0,
  "FatBlob": 0,
  "fishstick": 0,
  "stone": 0,
  "refinedstone": 0,
  "darkstone": 0,
  "refineddarkstone": 0,
  "darkstuff": 0,
  "coal": 0,
  "haematite": 0,
  "iron": 0,
  "refinediron": 0,
  "silver": 0,
  "refinedsilver": 0,
  "gold": 0,
  "refinedgold": 0,
  "lumium": 0,
  "diamond": 0,
  "refineddiamond": 0,
  "crystal": 0,
  "soulstone": 0,
  "soulgem": 0
 },
 {
  "ID": 79,
  "Implemented": 0,
  "GoldenFishball": 0,
  "FatBlob": 0,
  "fishstick": 0,
  "stone": 0,
  "refinedstone": 0,
  "darkstone": 0,
  "refineddarkstone": 0,
  "darkstuff": 0,
  "coal": 0,
  "haematite": 0,
  "iron": 0,
  "refinediron": 0,
  "silver": 0,
  "refinedsilver": 0,
  "gold": 0,
  "refinedgold": 0,
  "lumium": 0,
  "diamond": 0,
  "refineddiamond": 0,
  "crystal": 0,
  "soulstone": 0,
  "soulgem": 0
 },
 {
  "ID": 80,
  "Implemented": 0,
  "GoldenFishball": 0,
  "FatBlob": 0,
  "fishstick": 0,
  "stone": 0,
  "refinedstone": 0,
  "darkstone": 0,
  "refineddarkstone": 0,
  "darkstuff": 0,
  "coal": 0,
  "haematite": 0,
  "iron": 0,
  "refinediron": 0,
  "silver": 0,
  "refinedsilver": 0,
  "gold": 0,
  "refinedgold": 0,
  "lumium": 0,
  "diamond": 0,
  "refineddiamond": 0,
  "crystal": 0,
  "soulstone": 0,
  "soulgem": 0
 },
 {
  "ID": 81,
  "Implemented": 0,
  "GoldenFishball": 0,
  "FatBlob": 0,
  "fishstick": 0,
  "stone": 0,
  "refinedstone": 0,
  "darkstone": 0,
  "refineddarkstone": 0,
  "darkstuff": 0,
  "coal": 0,
  "haematite": 0,
  "iron": 0,
  "refinediron": 0,
  "silver": 0,
  "refinedsilver": 0,
  "gold": 0,
  "refinedgold": 0,
  "lumium": 0,
  "diamond": 0,
  "refineddiamond": 0,
  "crystal": 0,
  "soulstone": 0,
  "soulgem": 0
 },
 {
  "ID": 82,
  "Implemented": 0,
  "GoldenFishball": 0,
  "FatBlob": 0,
  "fishstick": 0,
  "stone": 0,
  "refinedstone": 0,
  "darkstone": 0,
  "refineddarkstone": 0,
  "darkstuff": 0,
  "coal": 0,
  "haematite": 0,
  "iron": 0,
  "refinediron": 0,
  "silver": 0,
  "refinedsilver": 0,
  "gold": 0,
  "refinedgold": 0,
  "lumium": 0,
  "diamond": 0,
  "refineddiamond": 0,
  "crystal": 0,
  "soulstone": 0,
  "soulgem": 0
 },
 {
  "ID": 83,
  "Implemented": 0,
  "GoldenFishball": 0,
  "FatBlob": 0,
  "fishstick": 0,
  "stone": 0,
  "refinedstone": 0,
  "darkstone": 0,
  "refineddarkstone": 0,
  "darkstuff": 0,
  "coal": 0,
  "haematite": 0,
  "iron": 0,
  "refinediron": 0,
  "silver": 0,
  "refinedsilver": 0,
  "gold": 0,
  "refinedgold": 0,
  "lumium": 0,
  "diamond": 0,
  "refineddiamond": 0,
  "crystal": 0,
  "soulstone": 0,
  "soulgem": 0
 },
 {
  "ID": 84,
  "Implemented": 0,
  "GoldenFishball": 0,
  "FatBlob": 0,
  "fishstick": 0,
  "stone": 0,
  "refinedstone": 0,
  "darkstone": 0,
  "refineddarkstone": 0,
  "darkstuff": 0,
  "coal": 0,
  "haematite": 0,
  "iron": 0,
  "refinediron": 0,
  "silver": 0,
  "refinedsilver": 0,
  "gold": 0,
  "refinedgold": 0,
  "lumium": 0,
  "diamond": 0,
  "refineddiamond": 0,
  "crystal": 0,
  "soulstone": 0,
  "soulgem": 0
 },
 {
  "ID": 85,
  "Implemented": 0,
  "GoldenFishball": 0,
  "FatBlob": 0,
  "fishstick": 0,
  "stone": 0,
  "refinedstone": 0,
  "darkstone": 0,
  "refineddarkstone": 0,
  "darkstuff": 0,
  "coal": 0,
  "haematite": 0,
  "iron": 0,
  "refinediron": 0,
  "silver": 0,
  "refinedsilver": 0,
  "gold": 0,
  "refinedgold": 0,
  "lumium": 0,
  "diamond": 0,
  "refineddiamond": 0,
  "crystal": 0,
  "soulstone": 0,
  "soulgem": 0
 },
 {
  "ID": 86,
  "Implemented": 0,
  "GoldenFishball": 0,
  "FatBlob": 0,
  "fishstick": 0,
  "stone": 0,
  "refinedstone": 0,
  "darkstone": 0,
  "refineddarkstone": 0,
  "darkstuff": 0,
  "coal": 0,
  "haematite": 0,
  "iron": 0,
  "refinediron": 0,
  "silver": 0,
  "refinedsilver": 0,
  "gold": 0,
  "refinedgold": 0,
  "lumium": 0,
  "diamond": 0,
  "refineddiamond": 0,
  "crystal": 0,
  "soulstone": 0,
  "soulgem": 0
 },
 {
  "ID": 87,
  "Implemented": 0,
  "GoldenFishball": 0,
  "FatBlob": 0,
  "fishstick": 0,
  "stone": 0,
  "refinedstone": 0,
  "darkstone": 0,
  "refineddarkstone": 0,
  "darkstuff": 0,
  "coal": 0,
  "haematite": 0,
  "iron": 0,
  "refinediron": 0,
  "silver": 0,
  "refinedsilver": 0,
  "gold": 0,
  "refinedgold": 0,
  "lumium": 0,
  "diamond": 0,
  "refineddiamond": 0,
  "crystal": 0,
  "soulstone": 0,
  "soulgem": 0
 },
 {
  "ID": 88,
  "Implemented": 0,
  "GoldenFishball": 0,
  "FatBlob": 0,
  "fishstick": 0,
  "stone": 0,
  "refinedstone": 0,
  "darkstone": 0,
  "refineddarkstone": 0,
  "darkstuff": 0,
  "coal": 0,
  "haematite": 0,
  "iron": 0,
  "refinediron": 0,
  "silver": 0,
  "refinedsilver": 0,
  "gold": 0,
  "refinedgold": 0,
  "lumium": 0,
  "diamond": 0,
  "refineddiamond": 0,
  "crystal": 0,
  "soulstone": 0,
  "soulgem": 0
 },
 {
  "ID": 89,
  "Implemented": 0,
  "GoldenFishball": 0,
  "FatBlob": 0,
  "fishstick": 0,
  "stone": 0,
  "refinedstone": 0,
  "darkstone": 0,
  "refineddarkstone": 0,
  "darkstuff": 0,
  "coal": 0,
  "haematite": 0,
  "iron": 0,
  "refinediron": 0,
  "silver": 0,
  "refinedsilver": 0,
  "gold": 0,
  "refinedgold": 0,
  "lumium": 0,
  "diamond": 0,
  "refineddiamond": 0,
  "crystal": 0,
  "soulstone": 0,
  "soulgem": 0
 },
 {
  "ID": 90,
  "Implemented": 0,
  "GoldenFishball": 0,
  "FatBlob": 0,
  "fishstick": 0,
  "stone": 0,
  "refinedstone": 0,
  "darkstone": 0,
  "refineddarkstone": 0,
  "darkstuff": 0,
  "coal": 0,
  "haematite": 0,
  "iron": 0,
  "refinediron": 0,
  "silver": 0,
  "refinedsilver": 0,
  "gold": 0,
  "refinedgold": 0,
  "lumium": 0,
  "diamond": 0,
  "refineddiamond": 0,
  "crystal": 0,
  "soulstone": 0,
  "soulgem": 0
 },
 {
  "ID": 91,
  "Implemented": 0,
  "GoldenFishball": 0,
  "FatBlob": 0,
  "fishstick": 0,
  "stone": 0,
  "refinedstone": 0,
  "darkstone": 0,
  "refineddarkstone": 0,
  "darkstuff": 0,
  "coal": 0,
  "haematite": 0,
  "iron": 0,
  "refinediron": 0,
  "silver": 0,
  "refinedsilver": 0,
  "gold": 0,
  "refinedgold": 0,
  "lumium": 0,
  "diamond": 0,
  "refineddiamond": 0,
  "crystal": 0,
  "soulstone": 0,
  "soulgem": 0
 },
 {
  "ID": 92,
  "Implemented": 0,
  "GoldenFishball": 0,
  "FatBlob": 0,
  "fishstick": 0,
  "stone": 0,
  "refinedstone": 0,
  "darkstone": 0,
  "refineddarkstone": 0,
  "darkstuff": 0,
  "coal": 0,
  "haematite": 0,
  "iron": 0,
  "refinediron": 0,
  "silver": 0,
  "refinedsilver": 0,
  "gold": 0,
  "refinedgold": 0,
  "lumium": 0,
  "diamond": 0,
  "refineddiamond": 0,
  "crystal": 0,
  "soulstone": 0,
  "soulgem": 0
 },
 {
  "ID": 93,
  "Implemented": 0,
  "GoldenFishball": 0,
  "FatBlob": 0,
  "fishstick": 0,
  "stone": 0,
  "refinedstone": 0,
  "darkstone": 0,
  "refineddarkstone": 0,
  "darkstuff": 0,
  "coal": 0,
  "haematite": 0,
  "iron": 0,
  "refinediron": 0,
  "silver": 0,
  "refinedsilver": 0,
  "gold": 0,
  "refinedgold": 0,
  "lumium": 0,
  "diamond": 0,
  "refineddiamond": 0,
  "crystal": 0,
  "soulstone": 0,
  "soulgem": 0
 },
 {
  "ID": 94,
  "Implemented": 0,
  "GoldenFishball": 0,
  "FatBlob": 0,
  "fishstick": 0,
  "stone": 0,
  "refinedstone": 0,
  "darkstone": 0,
  "refineddarkstone": 0,
  "darkstuff": 0,
  "coal": 0,
  "haematite": 0,
  "iron": 0,
  "refinediron": 0,
  "silver": 0,
  "refinedsilver": 0,
  "gold": 0,
  "refinedgold": 0,
  "lumium": 0,
  "diamond": 0,
  "refineddiamond": 0,
  "crystal": 0,
  "soulstone": 0,
  "soulgem": 0
 },
 {
  "ID": 95,
  "Implemented": 0,
  "GoldenFishball": 0,
  "FatBlob": 0,
  "fishstick": 0,
  "stone": 0,
  "refinedstone": 0,
  "darkstone": 0,
  "refineddarkstone": 0,
  "darkstuff": 0,
  "coal": 0,
  "haematite": 0,
  "iron": 0,
  "refinediron": 0,
  "silver": 0,
  "refinedsilver": 0,
  "gold": 0,
  "refinedgold": 0,
  "lumium": 0,
  "diamond": 0,
  "refineddiamond": 0,
  "crystal": 0,
  "soulstone": 0,
  "soulgem": 0
 },
 {
  "ID": 96,
  "Implemented": 0,
  "GoldenFishball": 0,
  "FatBlob": 0,
  "fishstick": 0,
  "stone": 0,
  "refinedstone": 0,
  "darkstone": 0,
  "refineddarkstone": 0,
  "darkstuff": 0,
  "coal": 0,
  "haematite": 0,
  "iron": 0,
  "refinediron": 0,
  "silver": 0,
  "refinedsilver": 0,
  "gold": 0,
  "refinedgold": 0,
  "lumium": 0,
  "diamond": 0,
  "refineddiamond": 0,
  "crystal": 0,
  "soulstone": 0,
  "soulgem": 0
 },
 {
  "ID": 97,
  "Implemented": 0,
  "GoldenFishball": 0,
  "FatBlob": 0,
  "fishstick": 0,
  "stone": 0,
  "refinedstone": 0,
  "darkstone": 0,
  "refineddarkstone": 0,
  "darkstuff": 0,
  "coal": 0,
  "haematite": 0,
  "iron": 0,
  "refinediron": 0,
  "silver": 0,
  "refinedsilver": 0,
  "gold": 0,
  "refinedgold": 0,
  "lumium": 0,
  "diamond": 0,
  "refineddiamond": 0,
  "crystal": 0,
  "soulstone": 0,
  "soulgem": 0
 },
 {
  "ID": 98,
  "Implemented": 0,
  "GoldenFishball": 0,
  "FatBlob": 0,
  "fishstick": 0,
  "stone": 0,
  "refinedstone": 0,
  "darkstone": 0,
  "refineddarkstone": 0,
  "darkstuff": 0,
  "coal": 0,
  "haematite": 0,
  "iron": 0,
  "refinediron": 0,
  "silver": 0,
  "refinedsilver": 0,
  "gold": 0,
  "refinedgold": 0,
  "lumium": 0,
  "diamond": 0,
  "refineddiamond": 0,
  "crystal": 0,
  "soulstone": 0,
  "soulgem": 0
 },
 {
  "ID": 99,
  "Implemented": 0,
  "GoldenFishball": 0,
  "FatBlob": 0,
  "fishstick": 0,
  "stone": 0,
  "refinedstone": 0,
  "darkstone": 0,
  "refineddarkstone": 0,
  "darkstuff": 0,
  "coal": 0,
  "haematite": 0,
  "iron": 0,
  "refinediron": 0,
  "silver": 0,
  "refinedsilver": 0,
  "gold": 0,
  "refinedgold": 0,
  "lumium": 0,
  "diamond": 0,
  "refineddiamond": 0,
  "crystal": 0,
  "soulstone": 0,
  "soulgem": 0
 },
 {
  "GoldenFishball": 2,
  "FatBlob": 1,
  "fishstick": 169,
  "stone": 37,
  "refinedstone": 17,
  "darkstone": 13,
  "refineddarkstone": 25,
  "darkstuff": 22,
  "coal": 3,
  "haematite": 0,
  "iron": 29,
  "refinediron": 13,
  "silver": 0,
  "refinedsilver": 13,
  "gold": 0,
  "refinedgold": 33,
  "lumium": 16,
  "diamond": 3,
  "refineddiamond": 13,
  "crystal": 13,
  "soulstone": 2,
  "soulgem": 3
 }
]